<?xml version="1.0" encoding="UTF-8"?>
<config xmlns="http://www.knime.org/2008/09/XMLConfig" xmlns:xsi="http://www.w3.org/2001/XMLSchema-instance" xsi:schemaLocation="http://www.knime.org/2008/09/XMLConfig http://www.knime.org/XMLConfig_2008_09.xsd" key="viewRepresentation">
<entry key="showLegend" type="xboolean" value="true"/>
<entry key="autoRange" type="xboolean" value="false"/>
<entry key="useDomainInformation" type="xboolean" value="false"/>
<entry key="showGrid" type="xboolean" value="true"/>
<entry key="showCrosshair" type="xboolean" value="false"/>
<entry key="snapToPoints" type="xboolean" value="false"/>
<entry key="resizeToWindow" type="xboolean" value="true"/>
<entry key="enableViewConfiguration" type="xboolean" value="false"/>
<entry key="enableTitleChange" type="xboolean" value="false"/>
<entry key="enableSubtitleChange" type="xboolean" value="false"/>
<entry key="enableXColumnChange" type="xboolean" value="false"/>
<entry key="enableYColumnChange" type="xboolean" value="false"/>
<entry key="enableXAxisLabelEdit" type="xboolean" value="false"/>
<entry key="enableYAxisLabelEdit" type="xboolean" value="false"/>
<entry key="enableDotSizeChange" type="xboolean" value="false"/>
<entry key="enablePanning" type="xboolean" value="true"/>
<entry key="enableZooming" type="xboolean" value="true"/>
<entry key="enableDragZooming" type="xboolean" value="false"/>
<entry key="showZoomResetButton" type="xboolean" value="false"/>
<entry key="enableSelection" type="xboolean" value="true"/>
<entry key="enableRectangleSelection" type="xboolean" value="false"/>
<entry key="enableLassoSelection" type="xboolean" value="false"/>
<entry key="imageWidth" type="xint" value="800"/>
<entry key="imageHeight" type="xint" value="600"/>
<entry key="backgroundColor" type="xstring" value="rgba(255,255,255,1.0)"/>
<entry key="dataAreaColor" type="xstring" value="rgba(230,230,230,1.0)"/>
<entry key="gridColor" type="xstring" value="rgba(255,255,255,1.0)"/>
<entry key="hasDataset" type="xboolean" value="true"/>
<config key="dataset">
<entry key="tableID" type="xstring" value="39db621f-4c19-400b-80db-97022b75988c"/>
<config key="columnKeys">
<entry key="array-size" type="xint" value="5"/>
<entry key="0" type="xstring" value="Year"/>
<entry key="1" type="xstring" value="Week"/>
<entry key="2" type="xstring" value="Mean(rate)"/>
<entry key="3" type="xstring" value="Prediction (Rate)"/>
<entry key="4" type="xstring" value="Prediction (Rate) (Prediction Variance)"/>
</config>
<config key="columnColors">
<entry key="array-size" type="xint" value="5"/>
<entry key="0" type="xstring" isnull="true" value=""/>
<entry key="1" type="xstring" isnull="true" value=""/>
<entry key="2" type="xstring" isnull="true" value=""/>
<entry key="3" type="xstring" isnull="true" value=""/>
<entry key="4" type="xstring" isnull="true" value=""/>
</config>
<config key="dateTimeFormats">
<entry key="array-size" type="xint" value="5"/>
<entry key="0" type="xstring" isnull="true" value=""/>
<entry key="1" type="xstring" isnull="true" value=""/>
<entry key="2" type="xstring" isnull="true" value=""/>
<entry key="3" type="xstring" isnull="true" value=""/>
<entry key="4" type="xstring" isnull="true" value=""/>
</config>
<entry key="colPropsSize" type="xint" value="0"/>
<entry key="numRows" type="xint" value="33"/>
<config key="row_0">
<entry key="rowKey" type="xstring" value="Row3"/>
<config key="values">
<entry key="array-size" type="xint" value="5"/>
<entry key="0" type="xstring" value="2016.0"/>
<entry key="1" type="xstring" value="36.0"/>
<entry key="2" type="xstring" value="1063.7916666666665"/>
<entry key="3" type="xstring" value="730.9125000000005"/>
<entry key="4" type="xstring" value="60303.52530513464"/>
</config>
<entry key="numProperties" type="xint" value="1"/>
<config key="property_0">
<entry key="key" type="xstring" value="color"/>
<entry key="value" type="xstring" value="#404040"/>
</config>
</config>
<config key="row_1">
<entry key="rowKey" type="xstring" value="Row4"/>
<config key="values">
<entry key="array-size" type="xint" value="5"/>
<entry key="0" type="xstring" value="2016.0"/>
<entry key="1" type="xstring" value="37.0"/>
<entry key="2" type="xstring" value="821.2916666666667"/>
<entry key="3" type="xstring" value="817.218125"/>
<entry key="4" type="xstring" value="36875.690169533875"/>
</config>
<entry key="numProperties" type="xint" value="1"/>
<config key="property_0">
<entry key="key" type="xstring" value="color"/>
<entry key="value" type="xstring" value="#404040"/>
</config>
</config>
<config key="row_2">
<entry key="rowKey" type="xstring" value="Row7"/>
<config key="values">
<entry key="array-size" type="xint" value="5"/>
<entry key="0" type="xstring" value="2016.0"/>
<entry key="1" type="xstring" value="40.0"/>
<entry key="2" type="xstring" value="636.2083333333334"/>
<entry key="3" type="xstring" value="627.2657916666668"/>
<entry key="4" type="xstring" value="27399.689848237605"/>
</config>
<entry key="numProperties" type="xint" value="1"/>
<config key="property_0">
<entry key="key" type="xstring" value="color"/>
<entry key="value" type="xstring" value="#404040"/>
</config>
</config>
<config key="row_3">
<entry key="rowKey" type="xstring" value="Row8"/>
<config key="values">
<entry key="array-size" type="xint" value="5"/>
<entry key="0" type="xstring" value="2016.0"/>
<entry key="1" type="xstring" value="41.0"/>
<entry key="2" type="xstring" value="508.83333333333337"/>
<entry key="3" type="xstring" value="619.7072916666665"/>
<entry key="4" type="xstring" value="28976.789318313335"/>
</config>
<entry key="numProperties" type="xint" value="1"/>
<config key="property_0">
<entry key="key" type="xstring" value="color"/>
<entry key="value" type="xstring" value="#404040"/>
</config>
</config>
<config key="row_4">
<entry key="rowKey" type="xstring" value="Row9"/>
<config key="values">
<entry key="array-size" type="xint" value="5"/>
<entry key="0" type="xstring" value="2016.0"/>
<entry key="1" type="xstring" value="42.0"/>
<entry key="2" type="xstring" value="593.5500000000001"/>
<entry key="3" type="xstring" value="543.1792916666665"/>
<entry key="4" type="xstring" value="9511.357852993477"/>
</config>
<entry key="numProperties" type="xint" value="1"/>
<config key="property_0">
<entry key="key" type="xstring" value="color"/>
<entry key="value" type="xstring" value="#404040"/>
</config>
</config>
<config key="row_5">
<entry key="rowKey" type="xstring" value="Row10"/>
<config key="values">
<entry key="array-size" type="xint" value="5"/>
<entry key="0" type="xstring" value="2016.0"/>
<entry key="1" type="xstring" value="43.0"/>
<entry key="2" type="xstring" value="520.625"/>
<entry key="3" type="xstring" value="499.02808333333337"/>
<entry key="4" type="xstring" value="5493.6064217241865"/>
</config>
<entry key="numProperties" type="xint" value="1"/>
<config key="property_0">
<entry key="key" type="xstring" value="color"/>
<entry key="value" type="xstring" value="#404040"/>
</config>
</config>
<config key="row_6">
<entry key="rowKey" type="xstring" value="Row11"/>
<config key="values">
<entry key="array-size" type="xint" value="5"/>
<entry key="0" type="xstring" value="2016.0"/>
<entry key="1" type="xstring" value="44.0"/>
<entry key="2" type="xstring" value="473.45833333333337"/>
<entry key="3" type="xstring" value="499.02808333333337"/>
<entry key="4" type="xstring" value="5493.6064217241865"/>
</config>
<entry key="numProperties" type="xint" value="1"/>
<config key="property_0">
<entry key="key" type="xstring" value="color"/>
<entry key="value" type="xstring" value="#404040"/>
</config>
</config>
<config key="row_7">
<entry key="rowKey" type="xstring" value="Row14"/>
<config key="values">
<entry key="array-size" type="xint" value="5"/>
<entry key="0" type="xstring" value="2016.0"/>
<entry key="1" type="xstring" value="47.0"/>
<entry key="2" type="xstring" value="545.9583333333333"/>
<entry key="3" type="xstring" value="558.9065833333337"/>
<entry key="4" type="xstring" value="18374.220453205675"/>
</config>
<entry key="numProperties" type="xint" value="1"/>
<config key="property_0">
<entry key="key" type="xstring" value="color"/>
<entry key="value" type="xstring" value="#404040"/>
</config>
</config>
<config key="row_8">
<entry key="rowKey" type="xstring" value="Row15"/>
<config key="values">
<entry key="array-size" type="xint" value="5"/>
<entry key="0" type="xstring" value="2016.0"/>
<entry key="1" type="xstring" value="48.0"/>
<entry key="2" type="xstring" value="753.7"/>
<entry key="3" type="xstring" value="558.9065833333337"/>
<entry key="4" type="xstring" value="18374.220453205675"/>
</config>
<entry key="numProperties" type="xint" value="1"/>
<config key="property_0">
<entry key="key" type="xstring" value="color"/>
<entry key="value" type="xstring" value="#404040"/>
</config>
</config>
<config key="row_9">
<entry key="rowKey" type="xstring" value="Row16"/>
<config key="values">
<entry key="array-size" type="xint" value="5"/>
<entry key="0" type="xstring" value="2016.0"/>
<entry key="1" type="xstring" value="49.0"/>
<entry key="2" type="xstring" value="812.5833333333334"/>
<entry key="3" type="xstring" value="851.8185833333333"/>
<entry key="4" type="xstring" value="37224.4056868757"/>
</config>
<entry key="numProperties" type="xint" value="1"/>
<config key="property_0">
<entry key="key" type="xstring" value="color"/>
<entry key="value" type="xstring" value="#404040"/>
</config>
</config>
<config key="row_10">
<entry key="rowKey" type="xstring" value="Row17"/>
<config key="values">
<entry key="array-size" type="xint" value="5"/>
<entry key="0" type="xstring" value="2016.0"/>
<entry key="1" type="xstring" value="50.0"/>
<entry key="2" type="xstring" value="993.875"/>
<entry key="3" type="xstring" value="898.1830833333336"/>
<entry key="4" type="xstring" value="21823.352051353817"/>
</config>
<entry key="numProperties" type="xint" value="1"/>
<config key="property_0">
<entry key="key" type="xstring" value="color"/>
<entry key="value" type="xstring" value="#404040"/>
</config>
</config>
<config key="row_11">
<entry key="rowKey" type="xstring" value="Row20"/>
<config key="values">
<entry key="array-size" type="xint" value="5"/>
<entry key="0" type="xstring" value="2016.0"/>
<entry key="1" type="xstring" value="53.0"/>
<entry key="2" type="xstring" value="924.1874999999999"/>
<entry key="3" type="xstring" value="869.8904166666666"/>
<entry key="4" type="xstring" value="18937.12376841331"/>
</config>
<entry key="numProperties" type="xint" value="1"/>
<config key="property_0">
<entry key="key" type="xstring" value="color"/>
<entry key="value" type="xstring" value="#404040"/>
</config>
</config>
<config key="row_12">
<entry key="rowKey" type="xstring" value="Row21"/>
<config key="values">
<entry key="array-size" type="xint" value="5"/>
<entry key="0" type="xstring" value="2017.0"/>
<entry key="1" type="xstring" value="1.0"/>
<entry key="2" type="xstring" value="795.8333333333333"/>
<entry key="3" type="xstring" value="411.15625000000006"/>
<entry key="4" type="xstring" value="22544.515795980646"/>
</config>
<entry key="numProperties" type="xint" value="1"/>
<config key="property_0">
<entry key="key" type="xstring" value="color"/>
<entry key="value" type="xstring" value="#404040"/>
</config>
</config>
<config key="row_13">
<entry key="rowKey" type="xstring" value="Row22"/>
<config key="values">
<entry key="array-size" type="xint" value="5"/>
<entry key="0" type="xstring" value="2017.0"/>
<entry key="1" type="xstring" value="2.0"/>
<entry key="2" type="xstring" value="460.75"/>
<entry key="3" type="xstring" value="411.15625000000006"/>
<entry key="4" type="xstring" value="22544.515795980646"/>
</config>
<entry key="numProperties" type="xint" value="1"/>
<config key="property_0">
<entry key="key" type="xstring" value="color"/>
<entry key="value" type="xstring" value="#404040"/>
</config>
</config>
<config key="row_14">
<entry key="rowKey" type="xstring" value="Row23"/>
<config key="values">
<entry key="array-size" type="xint" value="5"/>
<entry key="0" type="xstring" value="2017.0"/>
<entry key="1" type="xstring" value="3.0"/>
<entry key="2" type="xstring" value="246.41666666666666"/>
<entry key="3" type="xstring" value="411.15625000000006"/>
<entry key="4" type="xstring" value="22544.515795980646"/>
</config>
<entry key="numProperties" type="xint" value="1"/>
<config key="property_0">
<entry key="key" type="xstring" value="color"/>
<entry key="value" type="xstring" value="#404040"/>
</config>
</config>
<config key="row_15">
<entry key="rowKey" type="xstring" value="Row25"/>
<config key="values">
<entry key="array-size" type="xint" value="5"/>
<entry key="0" type="xstring" value="2017.0"/>
<entry key="1" type="xstring" value="5.0"/>
<entry key="2" type="xstring" value="610.1250000000001"/>
<entry key="3" type="xstring" value="411.15625000000006"/>
<entry key="4" type="xstring" value="22544.515795980646"/>
</config>
<entry key="numProperties" type="xint" value="1"/>
<config key="property_0">
<entry key="key" type="xstring" value="color"/>
<entry key="value" type="xstring" value="#404040"/>
</config>
</config>
<config key="row_16">
<entry key="rowKey" type="xstring" value="Row26"/>
<config key="values">
<entry key="array-size" type="xint" value="5"/>
<entry key="0" type="xstring" value="2017.0"/>
<entry key="1" type="xstring" value="6.0"/>
<entry key="2" type="xstring" value="561.75"/>
<entry key="3" type="xstring" value="468.5062499999999"/>
<entry key="4" type="xstring" value="18979.691932344274"/>
</config>
<entry key="numProperties" type="xint" value="1"/>
<config key="property_0">
<entry key="key" type="xstring" value="color"/>
<entry key="value" type="xstring" value="#404040"/>
</config>
</config>
<config key="row_17">
<entry key="rowKey" type="xstring" value="Row28"/>
<config key="values">
<entry key="array-size" type="xint" value="5"/>
<entry key="0" type="xstring" value="2017.0"/>
<entry key="1" type="xstring" value="8.0"/>
<entry key="2" type="xstring" value="455.0416666666667"/>
<entry key="3" type="xstring" value="468.5062499999999"/>
<entry key="4" type="xstring" value="18979.691932344274"/>
</config>
<entry key="numProperties" type="xint" value="1"/>
<config key="property_0">
<entry key="key" type="xstring" value="color"/>
<entry key="value" type="xstring" value="#404040"/>
</config>
</config>
<config key="row_18">
<entry key="rowKey" type="xstring" value="Row29"/>
<config key="values">
<entry key="array-size" type="xint" value="5"/>
<entry key="0" type="xstring" value="2017.0"/>
<entry key="1" type="xstring" value="9.0"/>
<entry key="2" type="xstring" value="786.5833333333334"/>
<entry key="3" type="xstring" value="468.5062499999999"/>
<entry key="4" type="xstring" value="18979.691932344274"/>
</config>
<entry key="numProperties" type="xint" value="1"/>
<config key="property_0">
<entry key="key" type="xstring" value="color"/>
<entry key="value" type="xstring" value="#404040"/>
</config>
</config>
<config key="row_19">
<entry key="rowKey" type="xstring" value="Row30"/>
<config key="values">
<entry key="array-size" type="xint" value="5"/>
<entry key="0" type="xstring" value="2017.0"/>
<entry key="1" type="xstring" value="10.0"/>
<entry key="2" type="xstring" value="407.25000000000006"/>
<entry key="3" type="xstring" value="587.41875"/>
<entry key="4" type="xstring" value="52545.447614162455"/>
</config>
<entry key="numProperties" type="xint" value="1"/>
<config key="property_0">
<entry key="key" type="xstring" value="color"/>
<entry key="value" type="xstring" value="#404040"/>
</config>
</config>
<config key="row_20">
<entry key="rowKey" type="xstring" value="Row31"/>
<config key="values">
<entry key="array-size" type="xint" value="5"/>
<entry key="0" type="xstring" value="2017.0"/>
<entry key="1" type="xstring" value="11.0"/>
<entry key="2" type="xstring" value="382.2083333333333"/>
<entry key="3" type="xstring" value="752.9387499999999"/>
<entry key="4" type="xstring" value="75683.55529093012"/>
</config>
<entry key="numProperties" type="xint" value="1"/>
<config key="property_0">
<entry key="key" type="xstring" value="color"/>
<entry key="value" type="xstring" value="#404040"/>
</config>
</config>
<config key="row_21">
<entry key="rowKey" type="xstring" value="Row32"/>
<config key="values">
<entry key="array-size" type="xint" value="5"/>
<entry key="0" type="xstring" value="2017.0"/>
<entry key="1" type="xstring" value="12.0"/>
<entry key="2" type="xstring" value="529.4000000000001"/>
<entry key="3" type="xstring" value="752.9387499999999"/>
<entry key="4" type="xstring" value="75683.55529093012"/>
</config>
<entry key="numProperties" type="xint" value="1"/>
<config key="property_0">
<entry key="key" type="xstring" value="color"/>
<entry key="value" type="xstring" value="#404040"/>
</config>
</config>
<config key="row_22">
<entry key="rowKey" type="xstring" value="Row33"/>
<config key="values">
<entry key="array-size" type="xint" value="5"/>
<entry key="0" type="xstring" value="2017.0"/>
<entry key="1" type="xstring" value="13.0"/>
<entry key="2" type="xstring" value="551.9166666666667"/>
<entry key="3" type="xstring" value="761.1158333333335"/>
<entry key="4" type="xstring" value="70101.9697523849"/>
</config>
<entry key="numProperties" type="xint" value="1"/>
<config key="property_0">
<entry key="key" type="xstring" value="color"/>
<entry key="value" type="xstring" value="#404040"/>
</config>
</config>
<config key="row_23">
<entry key="rowKey" type="xstring" value="Row35"/>
<config key="values">
<entry key="array-size" type="xint" value="5"/>
<entry key="0" type="xstring" value="2017.0"/>
<entry key="1" type="xstring" value="15.0"/>
<entry key="2" type="xstring" value="711.4166666666665"/>
<entry key="3" type="xstring" value="764.6858333333334"/>
<entry key="4" type="xstring" value="67885.8248954826"/>
</config>
<entry key="numProperties" type="xint" value="1"/>
<config key="property_0">
<entry key="key" type="xstring" value="color"/>
<entry key="value" type="xstring" value="#404040"/>
</config>
</config>
<config key="row_24">
<entry key="rowKey" type="xstring" value="Row36"/>
<config key="values">
<entry key="array-size" type="xint" value="5"/>
<entry key="0" type="xstring" value="2017.0"/>
<entry key="1" type="xstring" value="16.0"/>
<entry key="2" type="xstring" value="494.91666666666674"/>
<entry key="3" type="xstring" value="764.6858333333334"/>
<entry key="4" type="xstring" value="67885.8248954826"/>
</config>
<entry key="numProperties" type="xint" value="1"/>
<config key="property_0">
<entry key="key" type="xstring" value="color"/>
<entry key="value" type="xstring" value="#404040"/>
</config>
</config>
<config key="row_25">
<entry key="rowKey" type="xstring" value="Row37"/>
<config key="values">
<entry key="array-size" type="xint" value="5"/>
<entry key="0" type="xstring" value="2017.0"/>
<entry key="1" type="xstring" value="17.0"/>
<entry key="2" type="xstring" value="436.9"/>
<entry key="3" type="xstring" value="764.6858333333334"/>
<entry key="4" type="xstring" value="67885.8248954826"/>
</config>
<entry key="numProperties" type="xint" value="1"/>
<config key="property_0">
<entry key="key" type="xstring" value="color"/>
<entry key="value" type="xstring" value="#404040"/>
</config>
</config>
<config key="row_26">
<entry key="rowKey" type="xstring" value="Row38"/>
<config key="values">
<entry key="array-size" type="xint" value="5"/>
<entry key="0" type="xstring" value="2017.0"/>
<entry key="1" type="xstring" value="18.0"/>
<entry key="2" type="xstring" value="939.3333333333333"/>
<entry key="3" type="xstring" value="605.6191666666665"/>
<entry key="4" type="xstring" value="47221.351045875395"/>
</config>
<entry key="numProperties" type="xint" value="1"/>
<config key="property_0">
<entry key="key" type="xstring" value="color"/>
<entry key="value" type="xstring" value="#404040"/>
</config>
</config>
<config key="row_27">
<entry key="rowKey" type="xstring" value="Row39"/>
<config key="values">
<entry key="array-size" type="xint" value="5"/>
<entry key="0" type="xstring" value="2017.0"/>
<entry key="1" type="xstring" value="19.0"/>
<entry key="2" type="xstring" value="671.3333333333334"/>
<entry key="3" type="xstring" value="528.2583333333333"/>
<entry key="4" type="xstring" value="26354.30815095398"/>
</config>
<entry key="numProperties" type="xint" value="1"/>
<config key="property_0">
<entry key="key" type="xstring" value="color"/>
<entry key="value" type="xstring" value="#404040"/>
</config>
</config>
<config key="row_28">
<entry key="rowKey" type="xstring" value="Row40"/>
<config key="values">
<entry key="array-size" type="xint" value="5"/>
<entry key="0" type="xstring" value="2017.0"/>
<entry key="1" type="xstring" value="20.0"/>
<entry key="2" type="xstring" value="724.5416666666667"/>
<entry key="3" type="xstring" value="528.2583333333333"/>
<entry key="4" type="xstring" value="26354.30815095398"/>
</config>
<entry key="numProperties" type="xint" value="1"/>
<config key="property_0">
<entry key="key" type="xstring" value="color"/>
<entry key="value" type="xstring" value="#404040"/>
</config>
</config>
<config key="row_29">
<entry key="rowKey" type="xstring" value="Row43"/>
<config key="values">
<entry key="array-size" type="xint" value="5"/>
<entry key="0" type="xstring" value="2017.0"/>
<entry key="1" type="xstring" value="23.0"/>
<entry key="2" type="xstring" value="731.0"/>
<entry key="3" type="xstring" value="473.8983333333331"/>
<entry key="4" type="xstring" value="33009.33145061728"/>
</config>
<entry key="numProperties" type="xint" value="1"/>
<config key="property_0">
<entry key="key" type="xstring" value="color"/>
<entry key="value" type="xstring" value="#404040"/>
</config>
</config>
<config key="row_30">
<entry key="rowKey" type="xstring" value="Row44"/>
<config key="values">
<entry key="array-size" type="xint" value="5"/>
<entry key="0" type="xstring" value="2017.0"/>
<entry key="1" type="xstring" value="24.0"/>
<entry key="2" type="xstring" value="564.3333333333334"/>
<entry key="3" type="xstring" value="415.91833333333346"/>
<entry key="4" type="xstring" value="10670.437847923682"/>
</config>
<entry key="numProperties" type="xint" value="1"/>
<config key="property_0">
<entry key="key" type="xstring" value="color"/>
<entry key="value" type="xstring" value="#404040"/>
</config>
</config>
<config key="row_31">
<entry key="rowKey" type="xstring" value="Row45"/>
<config key="values">
<entry key="array-size" type="xint" value="5"/>
<entry key="0" type="xstring" value="2017.0"/>
<entry key="1" type="xstring" value="25.0"/>
<entry key="2" type="xstring" value="1311.041666666667"/>
<entry key="3" type="xstring" value="417.8883333333333"/>
<entry key="4" type="xstring" value="13179.090238496075"/>
</config>
<entry key="numProperties" type="xint" value="1"/>
<config key="property_0">
<entry key="key" type="xstring" value="color"/>
<entry key="value" type="xstring" value="#404040"/>
</config>
</config>
<config key="row_32">
<entry key="rowKey" type="xstring" value="Row46"/>
<config key="values">
<entry key="array-size" type="xint" value="5"/>
<entry key="0" type="xstring" value="2017.0"/>
<entry key="1" type="xstring" value="26.0"/>
<entry key="2" type="xstring" value="1222.7"/>
<entry key="3" type="xstring" value="417.8883333333333"/>
<entry key="4" type="xstring" value="13179.090238496075"/>
</config>
<entry key="numProperties" type="xint" value="1"/>
<config key="property_0">
<entry key="key" type="xstring" value="color"/>
<entry key="value" type="xstring" value="#404040"/>
</config>
</config>
<entry key="numColorModels" type="xint" value="0"/>
<config key="missingValueColumns">
<entry key="array-size" type="xint" value="0"/>
</config>
</config>
<entry key="displayFullscreenButton" type="xboolean" value="true"/>
<entry key="missingValueMethod" type="xstring" value="noGap"/>
<entry key="showWarningInView" type="xboolean" value="true"/>
<entry key="hasWarnings" type="xboolean" value="false"/>
<entry key="reportOnMissingValues" type="xboolean" value="true"/>
<config key="dateTimeFormats">
<entry key="globalDateTimeLocale" type="xstring" value="en"/>
<entry key="globalDateFormat" type="xstring" value="YYYY-MM-DD"/>
<entry key="globalLocalDateFormat" type="xstring" value="YYYY-MM-DD"/>
<entry key="globalLocalDateTimeFormat" type="xstring" value="YYYY-MM-DD"/>
<entry key="globalLocalTimeFormat" type="xstring" value="HH:mm:ss"/>
<entry key="globalZonedDateTimeFormat" type="xstring" value="YYYY-MM-DD z"/>
<entry key="timezone" type="xstring" value="Europe/Berlin"/>
</config>
<entry key="enforceOrigin" type="xboolean" value="false"/>
</config>
