<?xml version="1.0" encoding="UTF-8"?>
<config xmlns="http://www.knime.org/2008/09/XMLConfig" xmlns:xsi="http://www.w3.org/2001/XMLSchema-instance" xsi:schemaLocation="http://www.knime.org/2008/09/XMLConfig http://www.knime.org/XMLConfig_2008_09.xsd" key="spec.xml">
<entry key="spec_name" type="xstring" value="default"/>
<entry key="number_columns" type="xint" value="12"/>
<config key="column_spec_0">
<entry key="column_name" type="xstring" value="POL Country"/>
<config key="element_names">
<entry key="array-size" type="xint" value="0"/>
</config>
<config key="column_type">
<entry key="cell_class" type="xstring" value="org.knime.core.data.def.StringCell"/>
</config>
<config key="column_domain">
<config key="possible_values">
<entry key="array-size" type="xint" value="0"/>
</config>
</config>
<config key="column_properties"/>
<config key="meta_data"/>
</config>
<config key="column_spec_1">
<entry key="column_name" type="xstring" value="POL Port"/>
<config key="element_names">
<entry key="array-size" type="xint" value="0"/>
</config>
<config key="column_type">
<entry key="cell_class" type="xstring" value="org.knime.core.data.def.StringCell"/>
</config>
<config key="column_domain">
<config key="possible_values">
<entry key="array-size" type="xint" value="8"/>
<config key="0">
<entry key="datacell" type="xstring" value="org.knime.core.data.def.StringCell"/>
<config key="org.knime.core.data.def.StringCell">
<entry key="StringCell" type="xstring" value="Algeciras"/>
</config>
</config>
<config key="1">
<entry key="datacell" type="xstring" value="org.knime.core.data.def.StringCell"/>
<config key="org.knime.core.data.def.StringCell">
<entry key="StringCell" type="xstring" value="Antwerp"/>
</config>
</config>
<config key="2">
<entry key="datacell" type="xstring" value="org.knime.core.data.def.StringCell"/>
<config key="org.knime.core.data.def.StringCell">
<entry key="StringCell" type="xstring" value="Bremerhaven"/>
</config>
</config>
<config key="3">
<entry key="datacell" type="xstring" value="org.knime.core.data.def.StringCell"/>
<config key="org.knime.core.data.def.StringCell">
<entry key="StringCell" type="xstring" value="Hamburg"/>
</config>
</config>
<config key="4">
<entry key="datacell" type="xstring" value="org.knime.core.data.def.StringCell"/>
<config key="org.knime.core.data.def.StringCell">
<entry key="StringCell" type="xstring" value="Le Havre"/>
</config>
</config>
<config key="5">
<entry key="datacell" type="xstring" value="org.knime.core.data.def.StringCell"/>
<config key="org.knime.core.data.def.StringCell">
<entry key="StringCell" type="xstring" value="London Gateway"/>
</config>
</config>
<config key="6">
<entry key="datacell" type="xstring" value="org.knime.core.data.def.StringCell"/>
<config key="org.knime.core.data.def.StringCell">
<entry key="StringCell" type="xstring" value="Rotterdam"/>
</config>
</config>
<config key="7">
<entry key="datacell" type="xstring" value="org.knime.core.data.def.StringCell"/>
<config key="org.knime.core.data.def.StringCell">
<entry key="StringCell" type="xstring" value="Singapore"/>
</config>
</config>
</config>
</config>
<config key="column_properties"/>
<config key="meta_data"/>
</config>
<config key="column_spec_2">
<entry key="column_name" type="xstring" value="POL Code"/>
<config key="element_names">
<entry key="array-size" type="xint" value="0"/>
</config>
<config key="column_type">
<entry key="cell_class" type="xstring" value="org.knime.core.data.def.StringCell"/>
</config>
<config key="column_domain">
<config key="possible_values">
<entry key="array-size" type="xint" value="8"/>
<config key="0">
<entry key="datacell" type="xstring" value="org.knime.core.data.def.StringCell"/>
<config key="org.knime.core.data.def.StringCell">
<entry key="StringCell" type="xstring" value="ESALG"/>
</config>
</config>
<config key="1">
<entry key="datacell" type="xstring" value="org.knime.core.data.def.StringCell"/>
<config key="org.knime.core.data.def.StringCell">
<entry key="StringCell" type="xstring" value="BEANR"/>
</config>
</config>
<config key="2">
<entry key="datacell" type="xstring" value="org.knime.core.data.def.StringCell"/>
<config key="org.knime.core.data.def.StringCell">
<entry key="StringCell" type="xstring" value="DEBRV"/>
</config>
</config>
<config key="3">
<entry key="datacell" type="xstring" value="org.knime.core.data.def.StringCell"/>
<config key="org.knime.core.data.def.StringCell">
<entry key="StringCell" type="xstring" value="DEHAM"/>
</config>
</config>
<config key="4">
<entry key="datacell" type="xstring" value="org.knime.core.data.def.StringCell"/>
<config key="org.knime.core.data.def.StringCell">
<entry key="StringCell" type="xstring" value="FRLEH"/>
</config>
</config>
<config key="5">
<entry key="datacell" type="xstring" value="org.knime.core.data.def.StringCell"/>
<config key="org.knime.core.data.def.StringCell">
<entry key="StringCell" type="xstring" value="GBLGP"/>
</config>
</config>
<config key="6">
<entry key="datacell" type="xstring" value="org.knime.core.data.def.StringCell"/>
<config key="org.knime.core.data.def.StringCell">
<entry key="StringCell" type="xstring" value="NLRTM"/>
</config>
</config>
<config key="7">
<entry key="datacell" type="xstring" value="org.knime.core.data.def.StringCell"/>
<config key="org.knime.core.data.def.StringCell">
<entry key="StringCell" type="xstring" value="SGSIN"/>
</config>
</config>
</config>
</config>
<config key="column_properties"/>
<config key="meta_data"/>
</config>
<config key="column_spec_3">
<entry key="column_name" type="xstring" value="POR Country"/>
<config key="element_names">
<entry key="array-size" type="xint" value="0"/>
</config>
<config key="column_type">
<entry key="cell_class" type="xstring" value="org.knime.core.data.def.StringCell"/>
</config>
<config key="column_domain">
<config key="possible_values">
<entry key="array-size" type="xint" value="0"/>
</config>
</config>
<config key="column_properties"/>
<config key="meta_data"/>
</config>
<config key="column_spec_4">
<entry key="column_name" type="xstring" value="POR Port"/>
<config key="element_names">
<entry key="array-size" type="xint" value="0"/>
</config>
<config key="column_type">
<entry key="cell_class" type="xstring" value="org.knime.core.data.def.StringCell"/>
</config>
<config key="column_domain">
<config key="possible_values">
<entry key="array-size" type="xint" value="8"/>
<config key="0">
<entry key="datacell" type="xstring" value="org.knime.core.data.def.StringCell"/>
<config key="org.knime.core.data.def.StringCell">
<entry key="StringCell" type="xstring" value="Singapore"/>
</config>
</config>
<config key="1">
<entry key="datacell" type="xstring" value="org.knime.core.data.def.StringCell"/>
<config key="org.knime.core.data.def.StringCell">
<entry key="StringCell" type="xstring" value="Algeciras"/>
</config>
</config>
<config key="2">
<entry key="datacell" type="xstring" value="org.knime.core.data.def.StringCell"/>
<config key="org.knime.core.data.def.StringCell">
<entry key="StringCell" type="xstring" value="Antwerp"/>
</config>
</config>
<config key="3">
<entry key="datacell" type="xstring" value="org.knime.core.data.def.StringCell"/>
<config key="org.knime.core.data.def.StringCell">
<entry key="StringCell" type="xstring" value="Bremerhaven"/>
</config>
</config>
<config key="4">
<entry key="datacell" type="xstring" value="org.knime.core.data.def.StringCell"/>
<config key="org.knime.core.data.def.StringCell">
<entry key="StringCell" type="xstring" value="Hamburg"/>
</config>
</config>
<config key="5">
<entry key="datacell" type="xstring" value="org.knime.core.data.def.StringCell"/>
<config key="org.knime.core.data.def.StringCell">
<entry key="StringCell" type="xstring" value="Le Havre"/>
</config>
</config>
<config key="6">
<entry key="datacell" type="xstring" value="org.knime.core.data.def.StringCell"/>
<config key="org.knime.core.data.def.StringCell">
<entry key="StringCell" type="xstring" value="London Gateway"/>
</config>
</config>
<config key="7">
<entry key="datacell" type="xstring" value="org.knime.core.data.def.StringCell"/>
<config key="org.knime.core.data.def.StringCell">
<entry key="StringCell" type="xstring" value="Rotterdam"/>
</config>
</config>
</config>
</config>
<config key="column_properties"/>
<config key="meta_data"/>
</config>
<config key="column_spec_5">
<entry key="column_name" type="xstring" value="POR Code"/>
<config key="element_names">
<entry key="array-size" type="xint" value="0"/>
</config>
<config key="column_type">
<entry key="cell_class" type="xstring" value="org.knime.core.data.def.StringCell"/>
</config>
<config key="column_domain">
<config key="possible_values">
<entry key="array-size" type="xint" value="8"/>
<config key="0">
<entry key="datacell" type="xstring" value="org.knime.core.data.def.StringCell"/>
<config key="org.knime.core.data.def.StringCell">
<entry key="StringCell" type="xstring" value="SGSIN"/>
</config>
</config>
<config key="1">
<entry key="datacell" type="xstring" value="org.knime.core.data.def.StringCell"/>
<config key="org.knime.core.data.def.StringCell">
<entry key="StringCell" type="xstring" value="ESALG"/>
</config>
</config>
<config key="2">
<entry key="datacell" type="xstring" value="org.knime.core.data.def.StringCell"/>
<config key="org.knime.core.data.def.StringCell">
<entry key="StringCell" type="xstring" value="BEANR"/>
</config>
</config>
<config key="3">
<entry key="datacell" type="xstring" value="org.knime.core.data.def.StringCell"/>
<config key="org.knime.core.data.def.StringCell">
<entry key="StringCell" type="xstring" value="DEBRV"/>
</config>
</config>
<config key="4">
<entry key="datacell" type="xstring" value="org.knime.core.data.def.StringCell"/>
<config key="org.knime.core.data.def.StringCell">
<entry key="StringCell" type="xstring" value="DEHAM"/>
</config>
</config>
<config key="5">
<entry key="datacell" type="xstring" value="org.knime.core.data.def.StringCell"/>
<config key="org.knime.core.data.def.StringCell">
<entry key="StringCell" type="xstring" value="FRLEH"/>
</config>
</config>
<config key="6">
<entry key="datacell" type="xstring" value="org.knime.core.data.def.StringCell"/>
<config key="org.knime.core.data.def.StringCell">
<entry key="StringCell" type="xstring" value="GBLGP"/>
</config>
</config>
<config key="7">
<entry key="datacell" type="xstring" value="org.knime.core.data.def.StringCell"/>
<config key="org.knime.core.data.def.StringCell">
<entry key="StringCell" type="xstring" value="NLRTM"/>
</config>
</config>
</config>
</config>
<config key="column_properties"/>
<config key="meta_data"/>
</config>
<config key="column_spec_6">
<entry key="column_name" type="xstring" value="Load Type"/>
<config key="element_names">
<entry key="array-size" type="xint" value="0"/>
</config>
<config key="column_type">
<entry key="cell_class" type="xstring" value="org.knime.core.data.def.StringCell"/>
</config>
<config key="column_domain">
<config key="possible_values">
<entry key="array-size" type="xint" value="4"/>
<config key="0">
<entry key="datacell" type="xstring" value="org.knime.core.data.def.StringCell"/>
<config key="org.knime.core.data.def.StringCell">
<entry key="StringCell" type="xstring" value="container20"/>
</config>
</config>
<config key="1">
<entry key="datacell" type="xstring" value="org.knime.core.data.def.StringCell"/>
<config key="org.knime.core.data.def.StringCell">
<entry key="StringCell" type="xstring" value="container40"/>
</config>
</config>
<config key="2">
<entry key="datacell" type="xstring" value="org.knime.core.data.def.StringCell"/>
<config key="org.knime.core.data.def.StringCell">
<entry key="StringCell" type="xstring" value="container40HC"/>
</config>
</config>
<config key="3">
<entry key="datacell" type="xstring" value="org.knime.core.data.def.StringCell"/>
<config key="org.knime.core.data.def.StringCell">
<entry key="StringCell" type="xstring" value="container45HC"/>
</config>
</config>
</config>
</config>
<config key="column_properties"/>
<config key="meta_data"/>
</config>
<config key="column_spec_7">
<entry key="column_name" type="xstring" value="url"/>
<config key="element_names">
<entry key="array-size" type="xint" value="0"/>
</config>
<config key="column_type">
<entry key="cell_class" type="xstring" value="org.knime.core.data.def.StringCell"/>
</config>
<config key="column_domain">
<config key="possible_values">
<entry key="array-size" type="xint" value="56"/>
<config key="0">
<entry key="datacell" type="xstring" value="org.knime.core.data.def.StringCell"/>
<config key="org.knime.core.data.def.StringCell">
<entry key="StringCell" type="xstring" value="https://ship.freightos.com/api/shippingCalculator?format=JSON&amp;origin=ESALG&amp;destination=SGSIN&amp;quantity=1&amp;loadtype=container20&amp;mode=FCL&amp;estimate=true"/>
</config>
</config>
<config key="1">
<entry key="datacell" type="xstring" value="org.knime.core.data.def.StringCell"/>
<config key="org.knime.core.data.def.StringCell">
<entry key="StringCell" type="xstring" value="https://ship.freightos.com/api/shippingCalculator?format=JSON&amp;origin=ESALG&amp;destination=SGSIN&amp;quantity=1&amp;loadtype=container40&amp;mode=FCL&amp;estimate=true"/>
</config>
</config>
<config key="2">
<entry key="datacell" type="xstring" value="org.knime.core.data.def.StringCell"/>
<config key="org.knime.core.data.def.StringCell">
<entry key="StringCell" type="xstring" value="https://ship.freightos.com/api/shippingCalculator?format=JSON&amp;origin=ESALG&amp;destination=SGSIN&amp;quantity=1&amp;loadtype=container40HC&amp;mode=FCL&amp;estimate=true"/>
</config>
</config>
<config key="3">
<entry key="datacell" type="xstring" value="org.knime.core.data.def.StringCell"/>
<config key="org.knime.core.data.def.StringCell">
<entry key="StringCell" type="xstring" value="https://ship.freightos.com/api/shippingCalculator?format=JSON&amp;origin=ESALG&amp;destination=SGSIN&amp;quantity=1&amp;loadtype=container45HC&amp;mode=FCL&amp;estimate=true"/>
</config>
</config>
<config key="4">
<entry key="datacell" type="xstring" value="org.knime.core.data.def.StringCell"/>
<config key="org.knime.core.data.def.StringCell">
<entry key="StringCell" type="xstring" value="https://ship.freightos.com/api/shippingCalculator?format=JSON&amp;origin=BEANR&amp;destination=SGSIN&amp;quantity=1&amp;loadtype=container20&amp;mode=FCL&amp;estimate=true"/>
</config>
</config>
<config key="5">
<entry key="datacell" type="xstring" value="org.knime.core.data.def.StringCell"/>
<config key="org.knime.core.data.def.StringCell">
<entry key="StringCell" type="xstring" value="https://ship.freightos.com/api/shippingCalculator?format=JSON&amp;origin=BEANR&amp;destination=SGSIN&amp;quantity=1&amp;loadtype=container40&amp;mode=FCL&amp;estimate=true"/>
</config>
</config>
<config key="6">
<entry key="datacell" type="xstring" value="org.knime.core.data.def.StringCell"/>
<config key="org.knime.core.data.def.StringCell">
<entry key="StringCell" type="xstring" value="https://ship.freightos.com/api/shippingCalculator?format=JSON&amp;origin=BEANR&amp;destination=SGSIN&amp;quantity=1&amp;loadtype=container40HC&amp;mode=FCL&amp;estimate=true"/>
</config>
</config>
<config key="7">
<entry key="datacell" type="xstring" value="org.knime.core.data.def.StringCell"/>
<config key="org.knime.core.data.def.StringCell">
<entry key="StringCell" type="xstring" value="https://ship.freightos.com/api/shippingCalculator?format=JSON&amp;origin=BEANR&amp;destination=SGSIN&amp;quantity=1&amp;loadtype=container45HC&amp;mode=FCL&amp;estimate=true"/>
</config>
</config>
<config key="8">
<entry key="datacell" type="xstring" value="org.knime.core.data.def.StringCell"/>
<config key="org.knime.core.data.def.StringCell">
<entry key="StringCell" type="xstring" value="https://ship.freightos.com/api/shippingCalculator?format=JSON&amp;origin=DEBRV&amp;destination=SGSIN&amp;quantity=1&amp;loadtype=container20&amp;mode=FCL&amp;estimate=true"/>
</config>
</config>
<config key="9">
<entry key="datacell" type="xstring" value="org.knime.core.data.def.StringCell"/>
<config key="org.knime.core.data.def.StringCell">
<entry key="StringCell" type="xstring" value="https://ship.freightos.com/api/shippingCalculator?format=JSON&amp;origin=DEBRV&amp;destination=SGSIN&amp;quantity=1&amp;loadtype=container40&amp;mode=FCL&amp;estimate=true"/>
</config>
</config>
<config key="10">
<entry key="datacell" type="xstring" value="org.knime.core.data.def.StringCell"/>
<config key="org.knime.core.data.def.StringCell">
<entry key="StringCell" type="xstring" value="https://ship.freightos.com/api/shippingCalculator?format=JSON&amp;origin=DEBRV&amp;destination=SGSIN&amp;quantity=1&amp;loadtype=container40HC&amp;mode=FCL&amp;estimate=true"/>
</config>
</config>
<config key="11">
<entry key="datacell" type="xstring" value="org.knime.core.data.def.StringCell"/>
<config key="org.knime.core.data.def.StringCell">
<entry key="StringCell" type="xstring" value="https://ship.freightos.com/api/shippingCalculator?format=JSON&amp;origin=DEBRV&amp;destination=SGSIN&amp;quantity=1&amp;loadtype=container45HC&amp;mode=FCL&amp;estimate=true"/>
</config>
</config>
<config key="12">
<entry key="datacell" type="xstring" value="org.knime.core.data.def.StringCell"/>
<config key="org.knime.core.data.def.StringCell">
<entry key="StringCell" type="xstring" value="https://ship.freightos.com/api/shippingCalculator?format=JSON&amp;origin=DEHAM&amp;destination=SGSIN&amp;quantity=1&amp;loadtype=container20&amp;mode=FCL&amp;estimate=true"/>
</config>
</config>
<config key="13">
<entry key="datacell" type="xstring" value="org.knime.core.data.def.StringCell"/>
<config key="org.knime.core.data.def.StringCell">
<entry key="StringCell" type="xstring" value="https://ship.freightos.com/api/shippingCalculator?format=JSON&amp;origin=DEHAM&amp;destination=SGSIN&amp;quantity=1&amp;loadtype=container40&amp;mode=FCL&amp;estimate=true"/>
</config>
</config>
<config key="14">
<entry key="datacell" type="xstring" value="org.knime.core.data.def.StringCell"/>
<config key="org.knime.core.data.def.StringCell">
<entry key="StringCell" type="xstring" value="https://ship.freightos.com/api/shippingCalculator?format=JSON&amp;origin=DEHAM&amp;destination=SGSIN&amp;quantity=1&amp;loadtype=container40HC&amp;mode=FCL&amp;estimate=true"/>
</config>
</config>
<config key="15">
<entry key="datacell" type="xstring" value="org.knime.core.data.def.StringCell"/>
<config key="org.knime.core.data.def.StringCell">
<entry key="StringCell" type="xstring" value="https://ship.freightos.com/api/shippingCalculator?format=JSON&amp;origin=DEHAM&amp;destination=SGSIN&amp;quantity=1&amp;loadtype=container45HC&amp;mode=FCL&amp;estimate=true"/>
</config>
</config>
<config key="16">
<entry key="datacell" type="xstring" value="org.knime.core.data.def.StringCell"/>
<config key="org.knime.core.data.def.StringCell">
<entry key="StringCell" type="xstring" value="https://ship.freightos.com/api/shippingCalculator?format=JSON&amp;origin=FRLEH&amp;destination=SGSIN&amp;quantity=1&amp;loadtype=container20&amp;mode=FCL&amp;estimate=true"/>
</config>
</config>
<config key="17">
<entry key="datacell" type="xstring" value="org.knime.core.data.def.StringCell"/>
<config key="org.knime.core.data.def.StringCell">
<entry key="StringCell" type="xstring" value="https://ship.freightos.com/api/shippingCalculator?format=JSON&amp;origin=FRLEH&amp;destination=SGSIN&amp;quantity=1&amp;loadtype=container40&amp;mode=FCL&amp;estimate=true"/>
</config>
</config>
<config key="18">
<entry key="datacell" type="xstring" value="org.knime.core.data.def.StringCell"/>
<config key="org.knime.core.data.def.StringCell">
<entry key="StringCell" type="xstring" value="https://ship.freightos.com/api/shippingCalculator?format=JSON&amp;origin=FRLEH&amp;destination=SGSIN&amp;quantity=1&amp;loadtype=container40HC&amp;mode=FCL&amp;estimate=true"/>
</config>
</config>
<config key="19">
<entry key="datacell" type="xstring" value="org.knime.core.data.def.StringCell"/>
<config key="org.knime.core.data.def.StringCell">
<entry key="StringCell" type="xstring" value="https://ship.freightos.com/api/shippingCalculator?format=JSON&amp;origin=FRLEH&amp;destination=SGSIN&amp;quantity=1&amp;loadtype=container45HC&amp;mode=FCL&amp;estimate=true"/>
</config>
</config>
<config key="20">
<entry key="datacell" type="xstring" value="org.knime.core.data.def.StringCell"/>
<config key="org.knime.core.data.def.StringCell">
<entry key="StringCell" type="xstring" value="https://ship.freightos.com/api/shippingCalculator?format=JSON&amp;origin=GBLGP&amp;destination=SGSIN&amp;quantity=1&amp;loadtype=container20&amp;mode=FCL&amp;estimate=true"/>
</config>
</config>
<config key="21">
<entry key="datacell" type="xstring" value="org.knime.core.data.def.StringCell"/>
<config key="org.knime.core.data.def.StringCell">
<entry key="StringCell" type="xstring" value="https://ship.freightos.com/api/shippingCalculator?format=JSON&amp;origin=GBLGP&amp;destination=SGSIN&amp;quantity=1&amp;loadtype=container40&amp;mode=FCL&amp;estimate=true"/>
</config>
</config>
<config key="22">
<entry key="datacell" type="xstring" value="org.knime.core.data.def.StringCell"/>
<config key="org.knime.core.data.def.StringCell">
<entry key="StringCell" type="xstring" value="https://ship.freightos.com/api/shippingCalculator?format=JSON&amp;origin=GBLGP&amp;destination=SGSIN&amp;quantity=1&amp;loadtype=container40HC&amp;mode=FCL&amp;estimate=true"/>
</config>
</config>
<config key="23">
<entry key="datacell" type="xstring" value="org.knime.core.data.def.StringCell"/>
<config key="org.knime.core.data.def.StringCell">
<entry key="StringCell" type="xstring" value="https://ship.freightos.com/api/shippingCalculator?format=JSON&amp;origin=GBLGP&amp;destination=SGSIN&amp;quantity=1&amp;loadtype=container45HC&amp;mode=FCL&amp;estimate=true"/>
</config>
</config>
<config key="24">
<entry key="datacell" type="xstring" value="org.knime.core.data.def.StringCell"/>
<config key="org.knime.core.data.def.StringCell">
<entry key="StringCell" type="xstring" value="https://ship.freightos.com/api/shippingCalculator?format=JSON&amp;origin=NLRTM&amp;destination=SGSIN&amp;quantity=1&amp;loadtype=container20&amp;mode=FCL&amp;estimate=true"/>
</config>
</config>
<config key="25">
<entry key="datacell" type="xstring" value="org.knime.core.data.def.StringCell"/>
<config key="org.knime.core.data.def.StringCell">
<entry key="StringCell" type="xstring" value="https://ship.freightos.com/api/shippingCalculator?format=JSON&amp;origin=NLRTM&amp;destination=SGSIN&amp;quantity=1&amp;loadtype=container40&amp;mode=FCL&amp;estimate=true"/>
</config>
</config>
<config key="26">
<entry key="datacell" type="xstring" value="org.knime.core.data.def.StringCell"/>
<config key="org.knime.core.data.def.StringCell">
<entry key="StringCell" type="xstring" value="https://ship.freightos.com/api/shippingCalculator?format=JSON&amp;origin=NLRTM&amp;destination=SGSIN&amp;quantity=1&amp;loadtype=container40HC&amp;mode=FCL&amp;estimate=true"/>
</config>
</config>
<config key="27">
<entry key="datacell" type="xstring" value="org.knime.core.data.def.StringCell"/>
<config key="org.knime.core.data.def.StringCell">
<entry key="StringCell" type="xstring" value="https://ship.freightos.com/api/shippingCalculator?format=JSON&amp;origin=NLRTM&amp;destination=SGSIN&amp;quantity=1&amp;loadtype=container45HC&amp;mode=FCL&amp;estimate=true"/>
</config>
</config>
<config key="28">
<entry key="datacell" type="xstring" value="org.knime.core.data.def.StringCell"/>
<config key="org.knime.core.data.def.StringCell">
<entry key="StringCell" type="xstring" value="https://ship.freightos.com/api/shippingCalculator?format=JSON&amp;origin=SGSIN&amp;destination=ESALG&amp;quantity=1&amp;loadtype=container20&amp;mode=FCL&amp;estimate=true"/>
</config>
</config>
<config key="29">
<entry key="datacell" type="xstring" value="org.knime.core.data.def.StringCell"/>
<config key="org.knime.core.data.def.StringCell">
<entry key="StringCell" type="xstring" value="https://ship.freightos.com/api/shippingCalculator?format=JSON&amp;origin=SGSIN&amp;destination=ESALG&amp;quantity=1&amp;loadtype=container40&amp;mode=FCL&amp;estimate=true"/>
</config>
</config>
<config key="30">
<entry key="datacell" type="xstring" value="org.knime.core.data.def.StringCell"/>
<config key="org.knime.core.data.def.StringCell">
<entry key="StringCell" type="xstring" value="https://ship.freightos.com/api/shippingCalculator?format=JSON&amp;origin=SGSIN&amp;destination=ESALG&amp;quantity=1&amp;loadtype=container40HC&amp;mode=FCL&amp;estimate=true"/>
</config>
</config>
<config key="31">
<entry key="datacell" type="xstring" value="org.knime.core.data.def.StringCell"/>
<config key="org.knime.core.data.def.StringCell">
<entry key="StringCell" type="xstring" value="https://ship.freightos.com/api/shippingCalculator?format=JSON&amp;origin=SGSIN&amp;destination=ESALG&amp;quantity=1&amp;loadtype=container45HC&amp;mode=FCL&amp;estimate=true"/>
</config>
</config>
<config key="32">
<entry key="datacell" type="xstring" value="org.knime.core.data.def.StringCell"/>
<config key="org.knime.core.data.def.StringCell">
<entry key="StringCell" type="xstring" value="https://ship.freightos.com/api/shippingCalculator?format=JSON&amp;origin=SGSIN&amp;destination=BEANR&amp;quantity=1&amp;loadtype=container20&amp;mode=FCL&amp;estimate=true"/>
</config>
</config>
<config key="33">
<entry key="datacell" type="xstring" value="org.knime.core.data.def.StringCell"/>
<config key="org.knime.core.data.def.StringCell">
<entry key="StringCell" type="xstring" value="https://ship.freightos.com/api/shippingCalculator?format=JSON&amp;origin=SGSIN&amp;destination=BEANR&amp;quantity=1&amp;loadtype=container40&amp;mode=FCL&amp;estimate=true"/>
</config>
</config>
<config key="34">
<entry key="datacell" type="xstring" value="org.knime.core.data.def.StringCell"/>
<config key="org.knime.core.data.def.StringCell">
<entry key="StringCell" type="xstring" value="https://ship.freightos.com/api/shippingCalculator?format=JSON&amp;origin=SGSIN&amp;destination=BEANR&amp;quantity=1&amp;loadtype=container40HC&amp;mode=FCL&amp;estimate=true"/>
</config>
</config>
<config key="35">
<entry key="datacell" type="xstring" value="org.knime.core.data.def.StringCell"/>
<config key="org.knime.core.data.def.StringCell">
<entry key="StringCell" type="xstring" value="https://ship.freightos.com/api/shippingCalculator?format=JSON&amp;origin=SGSIN&amp;destination=BEANR&amp;quantity=1&amp;loadtype=container45HC&amp;mode=FCL&amp;estimate=true"/>
</config>
</config>
<config key="36">
<entry key="datacell" type="xstring" value="org.knime.core.data.def.StringCell"/>
<config key="org.knime.core.data.def.StringCell">
<entry key="StringCell" type="xstring" value="https://ship.freightos.com/api/shippingCalculator?format=JSON&amp;origin=SGSIN&amp;destination=DEBRV&amp;quantity=1&amp;loadtype=container20&amp;mode=FCL&amp;estimate=true"/>
</config>
</config>
<config key="37">
<entry key="datacell" type="xstring" value="org.knime.core.data.def.StringCell"/>
<config key="org.knime.core.data.def.StringCell">
<entry key="StringCell" type="xstring" value="https://ship.freightos.com/api/shippingCalculator?format=JSON&amp;origin=SGSIN&amp;destination=DEBRV&amp;quantity=1&amp;loadtype=container40&amp;mode=FCL&amp;estimate=true"/>
</config>
</config>
<config key="38">
<entry key="datacell" type="xstring" value="org.knime.core.data.def.StringCell"/>
<config key="org.knime.core.data.def.StringCell">
<entry key="StringCell" type="xstring" value="https://ship.freightos.com/api/shippingCalculator?format=JSON&amp;origin=SGSIN&amp;destination=DEBRV&amp;quantity=1&amp;loadtype=container40HC&amp;mode=FCL&amp;estimate=true"/>
</config>
</config>
<config key="39">
<entry key="datacell" type="xstring" value="org.knime.core.data.def.StringCell"/>
<config key="org.knime.core.data.def.StringCell">
<entry key="StringCell" type="xstring" value="https://ship.freightos.com/api/shippingCalculator?format=JSON&amp;origin=SGSIN&amp;destination=DEBRV&amp;quantity=1&amp;loadtype=container45HC&amp;mode=FCL&amp;estimate=true"/>
</config>
</config>
<config key="40">
<entry key="datacell" type="xstring" value="org.knime.core.data.def.StringCell"/>
<config key="org.knime.core.data.def.StringCell">
<entry key="StringCell" type="xstring" value="https://ship.freightos.com/api/shippingCalculator?format=JSON&amp;origin=SGSIN&amp;destination=DEHAM&amp;quantity=1&amp;loadtype=container20&amp;mode=FCL&amp;estimate=true"/>
</config>
</config>
<config key="41">
<entry key="datacell" type="xstring" value="org.knime.core.data.def.StringCell"/>
<config key="org.knime.core.data.def.StringCell">
<entry key="StringCell" type="xstring" value="https://ship.freightos.com/api/shippingCalculator?format=JSON&amp;origin=SGSIN&amp;destination=DEHAM&amp;quantity=1&amp;loadtype=container40&amp;mode=FCL&amp;estimate=true"/>
</config>
</config>
<config key="42">
<entry key="datacell" type="xstring" value="org.knime.core.data.def.StringCell"/>
<config key="org.knime.core.data.def.StringCell">
<entry key="StringCell" type="xstring" value="https://ship.freightos.com/api/shippingCalculator?format=JSON&amp;origin=SGSIN&amp;destination=DEHAM&amp;quantity=1&amp;loadtype=container40HC&amp;mode=FCL&amp;estimate=true"/>
</config>
</config>
<config key="43">
<entry key="datacell" type="xstring" value="org.knime.core.data.def.StringCell"/>
<config key="org.knime.core.data.def.StringCell">
<entry key="StringCell" type="xstring" value="https://ship.freightos.com/api/shippingCalculator?format=JSON&amp;origin=SGSIN&amp;destination=DEHAM&amp;quantity=1&amp;loadtype=container45HC&amp;mode=FCL&amp;estimate=true"/>
</config>
</config>
<config key="44">
<entry key="datacell" type="xstring" value="org.knime.core.data.def.StringCell"/>
<config key="org.knime.core.data.def.StringCell">
<entry key="StringCell" type="xstring" value="https://ship.freightos.com/api/shippingCalculator?format=JSON&amp;origin=SGSIN&amp;destination=FRLEH&amp;quantity=1&amp;loadtype=container20&amp;mode=FCL&amp;estimate=true"/>
</config>
</config>
<config key="45">
<entry key="datacell" type="xstring" value="org.knime.core.data.def.StringCell"/>
<config key="org.knime.core.data.def.StringCell">
<entry key="StringCell" type="xstring" value="https://ship.freightos.com/api/shippingCalculator?format=JSON&amp;origin=SGSIN&amp;destination=FRLEH&amp;quantity=1&amp;loadtype=container40&amp;mode=FCL&amp;estimate=true"/>
</config>
</config>
<config key="46">
<entry key="datacell" type="xstring" value="org.knime.core.data.def.StringCell"/>
<config key="org.knime.core.data.def.StringCell">
<entry key="StringCell" type="xstring" value="https://ship.freightos.com/api/shippingCalculator?format=JSON&amp;origin=SGSIN&amp;destination=FRLEH&amp;quantity=1&amp;loadtype=container40HC&amp;mode=FCL&amp;estimate=true"/>
</config>
</config>
<config key="47">
<entry key="datacell" type="xstring" value="org.knime.core.data.def.StringCell"/>
<config key="org.knime.core.data.def.StringCell">
<entry key="StringCell" type="xstring" value="https://ship.freightos.com/api/shippingCalculator?format=JSON&amp;origin=SGSIN&amp;destination=FRLEH&amp;quantity=1&amp;loadtype=container45HC&amp;mode=FCL&amp;estimate=true"/>
</config>
</config>
<config key="48">
<entry key="datacell" type="xstring" value="org.knime.core.data.def.StringCell"/>
<config key="org.knime.core.data.def.StringCell">
<entry key="StringCell" type="xstring" value="https://ship.freightos.com/api/shippingCalculator?format=JSON&amp;origin=SGSIN&amp;destination=GBLGP&amp;quantity=1&amp;loadtype=container20&amp;mode=FCL&amp;estimate=true"/>
</config>
</config>
<config key="49">
<entry key="datacell" type="xstring" value="org.knime.core.data.def.StringCell"/>
<config key="org.knime.core.data.def.StringCell">
<entry key="StringCell" type="xstring" value="https://ship.freightos.com/api/shippingCalculator?format=JSON&amp;origin=SGSIN&amp;destination=GBLGP&amp;quantity=1&amp;loadtype=container40&amp;mode=FCL&amp;estimate=true"/>
</config>
</config>
<config key="50">
<entry key="datacell" type="xstring" value="org.knime.core.data.def.StringCell"/>
<config key="org.knime.core.data.def.StringCell">
<entry key="StringCell" type="xstring" value="https://ship.freightos.com/api/shippingCalculator?format=JSON&amp;origin=SGSIN&amp;destination=GBLGP&amp;quantity=1&amp;loadtype=container40HC&amp;mode=FCL&amp;estimate=true"/>
</config>
</config>
<config key="51">
<entry key="datacell" type="xstring" value="org.knime.core.data.def.StringCell"/>
<config key="org.knime.core.data.def.StringCell">
<entry key="StringCell" type="xstring" value="https://ship.freightos.com/api/shippingCalculator?format=JSON&amp;origin=SGSIN&amp;destination=GBLGP&amp;quantity=1&amp;loadtype=container45HC&amp;mode=FCL&amp;estimate=true"/>
</config>
</config>
<config key="52">
<entry key="datacell" type="xstring" value="org.knime.core.data.def.StringCell"/>
<config key="org.knime.core.data.def.StringCell">
<entry key="StringCell" type="xstring" value="https://ship.freightos.com/api/shippingCalculator?format=JSON&amp;origin=SGSIN&amp;destination=NLRTM&amp;quantity=1&amp;loadtype=container20&amp;mode=FCL&amp;estimate=true"/>
</config>
</config>
<config key="53">
<entry key="datacell" type="xstring" value="org.knime.core.data.def.StringCell"/>
<config key="org.knime.core.data.def.StringCell">
<entry key="StringCell" type="xstring" value="https://ship.freightos.com/api/shippingCalculator?format=JSON&amp;origin=SGSIN&amp;destination=NLRTM&amp;quantity=1&amp;loadtype=container40&amp;mode=FCL&amp;estimate=true"/>
</config>
</config>
<config key="54">
<entry key="datacell" type="xstring" value="org.knime.core.data.def.StringCell"/>
<config key="org.knime.core.data.def.StringCell">
<entry key="StringCell" type="xstring" value="https://ship.freightos.com/api/shippingCalculator?format=JSON&amp;origin=SGSIN&amp;destination=NLRTM&amp;quantity=1&amp;loadtype=container40HC&amp;mode=FCL&amp;estimate=true"/>
</config>
</config>
<config key="55">
<entry key="datacell" type="xstring" value="org.knime.core.data.def.StringCell"/>
<config key="org.knime.core.data.def.StringCell">
<entry key="StringCell" type="xstring" value="https://ship.freightos.com/api/shippingCalculator?format=JSON&amp;origin=SGSIN&amp;destination=NLRTM&amp;quantity=1&amp;loadtype=container45HC&amp;mode=FCL&amp;estimate=true"/>
</config>
</config>
</config>
</config>
<config key="column_properties"/>
<config key="meta_data"/>
</config>
<config key="column_spec_8">
<entry key="column_name" type="xstring" value="Status"/>
<config key="element_names">
<entry key="array-size" type="xint" value="0"/>
</config>
<config key="column_type">
<entry key="cell_class" type="xstring" value="org.knime.core.data.def.IntCell"/>
</config>
<config key="column_domain">
<config key="lower_bound">
<entry key="datacell" type="xstring" value="org.knime.core.data.def.IntCell"/>
<config key="org.knime.core.data.def.IntCell">
<entry key="IntCell" type="xint" value="200"/>
</config>
</config>
<config key="upper_bound">
<entry key="datacell" type="xstring" value="org.knime.core.data.def.IntCell"/>
<config key="org.knime.core.data.def.IntCell">
<entry key="IntCell" type="xint" value="200"/>
</config>
</config>
</config>
<config key="column_properties"/>
<config key="meta_data"/>
</config>
<config key="column_spec_9">
<entry key="column_name" type="xstring" value="Content type"/>
<config key="element_names">
<entry key="array-size" type="xint" value="0"/>
</config>
<config key="column_type">
<entry key="cell_class" type="xstring" value="org.knime.core.data.def.StringCell"/>
</config>
<config key="column_domain">
<config key="possible_values">
<entry key="array-size" type="xint" value="1"/>
<config key="0">
<entry key="datacell" type="xstring" value="org.knime.core.data.def.StringCell"/>
<config key="org.knime.core.data.def.StringCell">
<entry key="StringCell" type="xstring" value="application/json;charset=utf-8"/>
</config>
</config>
</config>
</config>
<config key="column_properties"/>
<config key="meta_data"/>
</config>
<config key="column_spec_10">
<entry key="column_name" type="xstring" value="body"/>
<config key="element_names">
<entry key="array-size" type="xint" value="0"/>
</config>
<config key="column_type">
<entry key="cell_class" type="xstring" value="org.knime.core.data.json.JSONCell"/>
</config>
<config key="column_domain"/>
<config key="column_properties"/>
<config key="meta_data"/>
</config>
<config key="column_spec_11">
<entry key="column_name" type="xstring" value="column"/>
<config key="element_names">
<entry key="array-size" type="xint" value="0"/>
</config>
<config key="column_type">
<config key="collection_element_type">
<entry key="cell_class" type="xstring" value="org.knime.core.data.json.JSONCell"/>
</config>
<entry key="cell_class" type="xstring" value="org.knime.core.data.collection.ListCell"/>
</config>
<config key="column_domain"/>
<config key="column_properties"/>
<config key="meta_data"/>
</config>
</config>
