<?xml version="1.0" encoding="UTF-8"?>
<config xmlns="http://www.knime.org/2008/09/XMLConfig" xmlns:xsi="http://www.w3.org/2001/XMLSchema-instance" xsi:schemaLocation="http://www.knime.org/2008/09/XMLConfig http://www.knime.org/XMLConfig_2008_09.xsd" key="viewRepresentation">
<entry key="showLegend" type="xboolean" value="true"/>
<entry key="autoRange" type="xboolean" value="false"/>
<entry key="useDomainInformation" type="xboolean" value="false"/>
<entry key="showGrid" type="xboolean" value="true"/>
<entry key="showCrosshair" type="xboolean" value="false"/>
<entry key="snapToPoints" type="xboolean" value="false"/>
<entry key="resizeToWindow" type="xboolean" value="true"/>
<entry key="enableViewConfiguration" type="xboolean" value="false"/>
<entry key="enableTitleChange" type="xboolean" value="false"/>
<entry key="enableSubtitleChange" type="xboolean" value="false"/>
<entry key="enableXColumnChange" type="xboolean" value="false"/>
<entry key="enableYColumnChange" type="xboolean" value="false"/>
<entry key="enableXAxisLabelEdit" type="xboolean" value="false"/>
<entry key="enableYAxisLabelEdit" type="xboolean" value="false"/>
<entry key="enableDotSizeChange" type="xboolean" value="false"/>
<entry key="enablePanning" type="xboolean" value="true"/>
<entry key="enableZooming" type="xboolean" value="true"/>
<entry key="enableDragZooming" type="xboolean" value="false"/>
<entry key="showZoomResetButton" type="xboolean" value="false"/>
<entry key="enableSelection" type="xboolean" value="true"/>
<entry key="enableRectangleSelection" type="xboolean" value="false"/>
<entry key="enableLassoSelection" type="xboolean" value="false"/>
<entry key="imageWidth" type="xint" value="800"/>
<entry key="imageHeight" type="xint" value="600"/>
<entry key="backgroundColor" type="xstring" value="rgba(255,255,255,1.0)"/>
<entry key="dataAreaColor" type="xstring" value="rgba(230,230,230,1.0)"/>
<entry key="gridColor" type="xstring" value="rgba(255,255,255,1.0)"/>
<entry key="hasDataset" type="xboolean" value="true"/>
<config key="dataset">
<entry key="tableID" type="xstring" value="d58f11eb-2593-419c-ba08-d6de1490b3f6"/>
<config key="columnKeys">
<entry key="array-size" type="xint" value="6"/>
<entry key="0" type="xstring" value="Year"/>
<entry key="1" type="xstring" value="Week"/>
<entry key="2" type="xstring" value="ESALG,SGSIN,container20"/>
<entry key="3" type="xstring" value="Forecast"/>
<entry key="4" type="xstring" value="Year, Week"/>
<entry key="5" type="xstring" value="trend"/>
</config>
<config key="symbols_0">
<entry key="index" type="xint" value="4"/>
<entry key="numSymbols" type="xint" value="14"/>
<config key="symbol_0">
<entry key="key" type="xstring" value="11"/>
<entry key="value" type="xstring" value="2020,29"/>
</config>
<config key="symbol_1">
<entry key="key" type="xstring" value="12"/>
<entry key="value" type="xstring" value="2020,30"/>
</config>
<config key="symbol_2">
<entry key="key" type="xstring" value="13"/>
<entry key="value" type="xstring" value="2020,31"/>
</config>
<config key="symbol_3">
<entry key="key" type="xstring" value="0"/>
<entry key="value" type="xstring" value="2020,18"/>
</config>
<config key="symbol_4">
<entry key="key" type="xstring" value="1"/>
<entry key="value" type="xstring" value="2020,19"/>
</config>
<config key="symbol_5">
<entry key="key" type="xstring" value="2"/>
<entry key="value" type="xstring" value="2020,20"/>
</config>
<config key="symbol_6">
<entry key="key" type="xstring" value="3"/>
<entry key="value" type="xstring" value="2020,21"/>
</config>
<config key="symbol_7">
<entry key="key" type="xstring" value="4"/>
<entry key="value" type="xstring" value="2020,22"/>
</config>
<config key="symbol_8">
<entry key="key" type="xstring" value="5"/>
<entry key="value" type="xstring" value="2020,23"/>
</config>
<config key="symbol_9">
<entry key="key" type="xstring" value="6"/>
<entry key="value" type="xstring" value="2020,24"/>
</config>
<config key="symbol_10">
<entry key="key" type="xstring" value="7"/>
<entry key="value" type="xstring" value="2020,25"/>
</config>
<config key="symbol_11">
<entry key="key" type="xstring" value="8"/>
<entry key="value" type="xstring" value="2020,26"/>
</config>
<config key="symbol_12">
<entry key="key" type="xstring" value="9"/>
<entry key="value" type="xstring" value="2020,27"/>
</config>
<config key="symbol_13">
<entry key="key" type="xstring" value="10"/>
<entry key="value" type="xstring" value="2020,28"/>
</config>
</config>
<config key="columnColors">
<entry key="array-size" type="xint" value="6"/>
<entry key="0" type="xstring" isnull="true" value=""/>
<entry key="1" type="xstring" isnull="true" value=""/>
<entry key="2" type="xstring" isnull="true" value=""/>
<entry key="3" type="xstring" isnull="true" value=""/>
<entry key="4" type="xstring" isnull="true" value=""/>
<entry key="5" type="xstring" isnull="true" value=""/>
</config>
<config key="dateTimeFormats">
<entry key="array-size" type="xint" value="6"/>
<entry key="0" type="xstring" isnull="true" value=""/>
<entry key="1" type="xstring" isnull="true" value=""/>
<entry key="2" type="xstring" isnull="true" value=""/>
<entry key="3" type="xstring" isnull="true" value=""/>
<entry key="4" type="xstring" isnull="true" value=""/>
<entry key="5" type="xstring" isnull="true" value=""/>
</config>
<entry key="colPropsSize" type="xint" value="1"/>
<entry key="numRows" type="xint" value="14"/>
<config key="row_0">
<entry key="rowKey" type="xstring" value="Row0"/>
<config key="values">
<entry key="array-size" type="xint" value="6"/>
<entry key="0" type="xstring" value="2020.0"/>
<entry key="1" type="xstring" value="18.0"/>
<entry key="2" type="xstring" value="767.0"/>
<entry key="3" type="xstring" isnull="true" value=""/>
<entry key="4" type="xstring" value="0.0"/>
<entry key="5" type="xstring" isnull="true" value=""/>
</config>
<entry key="numProperties" type="xint" value="1"/>
<config key="property_0">
<entry key="key" type="xstring" value="color"/>
<entry key="value" type="xstring" value="#404040"/>
</config>
</config>
<config key="row_1">
<entry key="rowKey" type="xstring" value="Row1"/>
<config key="values">
<entry key="array-size" type="xint" value="6"/>
<entry key="0" type="xstring" value="2020.0"/>
<entry key="1" type="xstring" value="19.0"/>
<entry key="2" type="xstring" value="780.0"/>
<entry key="3" type="xstring" isnull="true" value=""/>
<entry key="4" type="xstring" value="1.0"/>
<entry key="5" type="xstring" isnull="true" value=""/>
</config>
<entry key="numProperties" type="xint" value="1"/>
<config key="property_0">
<entry key="key" type="xstring" value="color"/>
<entry key="value" type="xstring" value="#404040"/>
</config>
</config>
<config key="row_2">
<entry key="rowKey" type="xstring" value="Row2"/>
<config key="values">
<entry key="array-size" type="xint" value="6"/>
<entry key="0" type="xstring" value="2020.0"/>
<entry key="1" type="xstring" value="20.0"/>
<entry key="2" type="xstring" value="855.0"/>
<entry key="3" type="xstring" isnull="true" value=""/>
<entry key="4" type="xstring" value="2.0"/>
<entry key="5" type="xstring" isnull="true" value=""/>
</config>
<entry key="numProperties" type="xint" value="1"/>
<config key="property_0">
<entry key="key" type="xstring" value="color"/>
<entry key="value" type="xstring" value="#404040"/>
</config>
</config>
<config key="row_3">
<entry key="rowKey" type="xstring" value="Row3"/>
<config key="values">
<entry key="array-size" type="xint" value="6"/>
<entry key="0" type="xstring" value="2020.0"/>
<entry key="1" type="xstring" value="21.0"/>
<entry key="2" type="xstring" value="800.0"/>
<entry key="3" type="xstring" isnull="true" value=""/>
<entry key="4" type="xstring" value="3.0"/>
<entry key="5" type="xstring" isnull="true" value=""/>
</config>
<entry key="numProperties" type="xint" value="1"/>
<config key="property_0">
<entry key="key" type="xstring" value="color"/>
<entry key="value" type="xstring" value="#404040"/>
</config>
</config>
<config key="row_4">
<entry key="rowKey" type="xstring" value="Row4"/>
<config key="values">
<entry key="array-size" type="xint" value="6"/>
<entry key="0" type="xstring" value="2020.0"/>
<entry key="1" type="xstring" value="22.0"/>
<entry key="2" type="xstring" value="850.0"/>
<entry key="3" type="xstring" value="832.6298129022125"/>
<entry key="4" type="xstring" value="4.0"/>
<entry key="5" type="xstring" value="17.370187097787493"/>
</config>
<entry key="numProperties" type="xint" value="1"/>
<config key="property_0">
<entry key="key" type="xstring" value="color"/>
<entry key="value" type="xstring" value="#404040"/>
</config>
</config>
<config key="row_5">
<entry key="rowKey" type="xstring" value="Row5"/>
<config key="values">
<entry key="array-size" type="xint" value="6"/>
<entry key="0" type="xstring" value="2020.0"/>
<entry key="1" type="xstring" value="23.0"/>
<entry key="2" type="xstring" value="815.0"/>
<entry key="3" type="xstring" value="826.1966269562199"/>
<entry key="4" type="xstring" value="5.0"/>
<entry key="5" type="xstring" value="11.196626956219916"/>
</config>
<entry key="numProperties" type="xint" value="1"/>
<config key="property_0">
<entry key="key" type="xstring" value="color"/>
<entry key="value" type="xstring" value="#404040"/>
</config>
</config>
<config key="row_6">
<entry key="rowKey" type="xstring" value="Row6"/>
<config key="values">
<entry key="array-size" type="xint" value="6"/>
<entry key="0" type="xstring" value="2020.0"/>
<entry key="1" type="xstring" value="24.0"/>
<entry key="2" type="xstring" value="815.0"/>
<entry key="3" type="xstring" value="817.614208222796"/>
<entry key="4" type="xstring" value="6.0"/>
<entry key="5" type="xstring" value="2.6142082227960373"/>
</config>
<entry key="numProperties" type="xint" value="1"/>
<config key="property_0">
<entry key="key" type="xstring" value="color"/>
<entry key="value" type="xstring" value="#404040"/>
</config>
</config>
<config key="row_7">
<entry key="rowKey" type="xstring" value="Row7"/>
<config key="values">
<entry key="array-size" type="xint" value="6"/>
<entry key="0" type="xstring" value="2020.0"/>
<entry key="1" type="xstring" value="25.0"/>
<entry key="2" type="xstring" value="760.5"/>
<entry key="3" type="xstring" value="784.1348337434786"/>
<entry key="4" type="xstring" value="7.0"/>
<entry key="5" type="xstring" value="23.634833743478566"/>
</config>
<entry key="numProperties" type="xint" value="1"/>
<config key="property_0">
<entry key="key" type="xstring" value="color"/>
<entry key="value" type="xstring" value="#404040"/>
</config>
</config>
<config key="row_8">
<entry key="rowKey" type="xstring" value="Row8"/>
<config key="values">
<entry key="array-size" type="xint" value="6"/>
<entry key="0" type="xstring" value="2020.0"/>
<entry key="1" type="xstring" value="26.0"/>
<entry key="2" type="xstring" value="780.0"/>
<entry key="3" type="xstring" value="776.1910248862575"/>
<entry key="4" type="xstring" value="8.0"/>
<entry key="5" type="xstring" value="3.808975113742463"/>
</config>
<entry key="numProperties" type="xint" value="1"/>
<config key="property_0">
<entry key="key" type="xstring" value="color"/>
<entry key="value" type="xstring" value="#404040"/>
</config>
</config>
<config key="row_9">
<entry key="rowKey" type="xstring" value="Row9"/>
<config key="values">
<entry key="array-size" type="xint" value="6"/>
<entry key="0" type="xstring" value="2020.0"/>
<entry key="1" type="xstring" value="27.0"/>
<entry key="2" type="xstring" value="810.0"/>
<entry key="3" type="xstring" value="795.8337725106783"/>
<entry key="4" type="xstring" value="9.0"/>
<entry key="5" type="xstring" value="14.166227489321727"/>
</config>
<entry key="numProperties" type="xint" value="1"/>
<config key="property_0">
<entry key="key" type="xstring" value="color"/>
<entry key="value" type="xstring" value="#404040"/>
</config>
</config>
<config key="row_10">
<entry key="rowKey" type="xstring" value="Row10"/>
<config key="values">
<entry key="array-size" type="xint" value="6"/>
<entry key="0" type="xstring" value="2020.0"/>
<entry key="1" type="xstring" value="28.0"/>
<entry key="2" type="xstring" value="795.0"/>
<entry key="3" type="xstring" value="798.8164260652625"/>
<entry key="4" type="xstring" value="10.0"/>
<entry key="5" type="xstring" value="3.816426065262476"/>
</config>
<entry key="numProperties" type="xint" value="1"/>
<config key="property_0">
<entry key="key" type="xstring" value="color"/>
<entry key="value" type="xstring" value="#404040"/>
</config>
</config>
<config key="row_11">
<entry key="rowKey" type="xstring" value="Row11"/>
<config key="values">
<entry key="array-size" type="xint" value="6"/>
<entry key="0" type="xstring" value="2020.0"/>
<entry key="1" type="xstring" value="29.0"/>
<entry key="2" type="xstring" value="850.0"/>
<entry key="3" type="xstring" value="827.425416954819"/>
<entry key="4" type="xstring" value="11.0"/>
<entry key="5" type="xstring" value="22.574583045181043"/>
</config>
<entry key="numProperties" type="xint" value="1"/>
<config key="property_0">
<entry key="key" type="xstring" value="color"/>
<entry key="value" type="xstring" value="#404040"/>
</config>
</config>
<config key="row_12">
<entry key="rowKey" type="xstring" value="Row12"/>
<config key="values">
<entry key="array-size" type="xint" value="6"/>
<entry key="0" type="xstring" value="2020.0"/>
<entry key="1" type="xstring" value="30.0"/>
<entry key="2" type="xstring" value="815.0"/>
<entry key="3" type="xstring" value="825.5255642288305"/>
<entry key="4" type="xstring" value="12.0"/>
<entry key="5" type="xstring" value="10.52556422883049"/>
</config>
<entry key="numProperties" type="xint" value="1"/>
<config key="property_0">
<entry key="key" type="xstring" value="color"/>
<entry key="value" type="xstring" value="#404040"/>
</config>
</config>
<config key="row_13">
<entry key="rowKey" type="xstring" value="Row13"/>
<config key="values">
<entry key="array-size" type="xint" value="6"/>
<entry key="0" type="xstring" value="2020.0"/>
<entry key="1" type="xstring" value="31.0"/>
<entry key="2" type="xstring" value="815.0"/>
<entry key="3" type="xstring" value="817.5739182656603"/>
<entry key="4" type="xstring" value="13.0"/>
<entry key="5" type="xstring" value="2.573918265660268"/>
</config>
<entry key="numProperties" type="xint" value="1"/>
<config key="property_0">
<entry key="key" type="xstring" value="color"/>
<entry key="value" type="xstring" value="#404040"/>
</config>
</config>
<entry key="numColorModels" type="xint" value="0"/>
<config key="missingValueColumns">
<entry key="array-size" type="xint" value="2"/>
<entry key="0" type="xstring" value="Forecast"/>
<entry key="1" type="xstring" value="trend"/>
</config>
</config>
<entry key="displayFullscreenButton" type="xboolean" value="true"/>
<entry key="missingValueMethod" type="xstring" value="noGap"/>
<entry key="showWarningInView" type="xboolean" value="true"/>
<entry key="hasWarnings" type="xboolean" value="false"/>
<entry key="reportOnMissingValues" type="xboolean" value="true"/>
<config key="dateTimeFormats">
<entry key="globalDateTimeLocale" type="xstring" value="en"/>
<entry key="globalDateFormat" type="xstring" value="YYYY-MM-DD"/>
<entry key="globalLocalDateFormat" type="xstring" value="YYYY-MM-DD"/>
<entry key="globalLocalDateTimeFormat" type="xstring" value="YYYY-MM-DD"/>
<entry key="globalLocalTimeFormat" type="xstring" value="HH:mm:ss"/>
<entry key="globalZonedDateTimeFormat" type="xstring" value="YYYY-MM-DD z"/>
<entry key="timezone" type="xstring" value="Europe/Berlin"/>
</config>
<entry key="enforceOrigin" type="xboolean" value="false"/>
</config>
