<?xml version="1.0" encoding="UTF-8"?>
<config xmlns="http://www.knime.org/2008/09/XMLConfig" xmlns:xsi="http://www.w3.org/2001/XMLSchema-instance" xsi:schemaLocation="http://www.knime.org/2008/09/XMLConfig http://www.knime.org/XMLConfig_2008_09.xsd" key="filestore">
<config key="filestore_keys">
<config key="filestore_key_0">
<entry key="storeUUID" type="xstring" value="2cf29385-5482-4986-a8b0-9272bf07a00e"/>
<entry key="index" type="xint" value="0"/>
<entry key="name" type="xstring" value="f6ff4cdd-7ef0-4c42-9961-f1fb519e04bf"/>
<entry key="iterationIndex" type="xint" value="-1"/>
</config>
</config>
</config>
